<?xml version="1.0"?>
<pagescount>
	<html_total>11</html_total>
	<html_done>11</html_done>
	<images/>
	<script/>
	<css/>
	<pdf/>
	<documents/>
	<excel/>
	<powerpoint/>
	<flash/>
	<audios/>
	<videos/>
	<xml/>
	<json/>
	<txt/>
	<autocad/>
	<model_3d/>
	<fonts/>
	<scraping_reload>1</scraping_reload>
	<is_pretty_url>true</is_pretty_url>
	<has_trailing_slash>true</has_trailing_slash>
	<is_ebn>false</is_ebn>
	<email>omniversalmedia@gmail.com</email>
	<theme_name>WmdTheme235195</theme_name>
	<server_url_front_page>https://www.waybackmachinedownloader.com/scraping/files/demo/omniversalmedia.com_omniversalmedia_gmail.com_fo4nzi41ns/</server_url_front_page>
	<no_www_url>omniversalmedia.com</no_www_url>
	<hosted_domain/>
	<original_archive_url>https://web.archive.org/web/20220125131710/https://omniversalmedia.com/</original_archive_url>
	<final_archive_url>https://web.archive.org/web/20220125131710/https://omniversalmedia.com/</final_archive_url>
	<front_page_code_date>20220125131710</front_page_code_date>
	<total_urls_from_api/>
	<max_reached_live>false</max_reached_live>
	<scrape_other_captures>false</scrape_other_captures>
	<total_size>228</total_size>
</pagescount>
